{
  "message": {
    "accountKeys": [
      {
        "pubkey": "Fswrw3tgQL597kCexxLEhft6a7Su4CDoqwRMqqj4BEp5",
        "signer": true,
        "source": "transaction",
        "writable": true
      },
      {
        "pubkey": "ER2N5eaDoC68kNhj7LyaScimzq7deaqxiw88rewvxaKp",
        "signer": true,
        "source": "transaction",
        "writable": true
      },
      {
        "pubkey": "HWEoBxYs7ssKuudEjzjmpfJVX7Dvi7wescFsVx2L5yoY",
        "signer": false,
        "source": "transaction",
        "writable": true
      },
      {
        "pubkey": "FFzxakVNzpirwMFtLyD22UZ6UM3KLF2EAGC2RxNPaYoH",
        "signer": false,
        "source": "transaction",
        "writable": true
      },
      {
        "pubkey": "6eTEMemDi58KJE1rPEagqMsgn34xUWTkzdZTKM8EVbYF",
        "signer": false,
        "source": "transaction",
        "writable": true
      },
      {
        "pubkey": "H6LkmMUuAiJhAcH9ejScvMVXFhUSzxwYPiczL7zW3aAj",
        "signer": false,
        "source": "transaction",
        "writable": true
      },
      {
        "pubkey": "BfUATFeQBKLdaTGdCT9bKkxXrYTYaRkcjtQ4iFwMGVq1",
        "signer": false,
        "source": "transaction",
        "writable": true
      },
      {
        "pubkey": "CebN5WGQ4jvEPvsVU4EoHEpgzq1VV7AbicfhtW4xC9iM",
        "signer": false,
        "source": "transaction",
        "writable": true
      },
      {
        "pubkey": "ComputeBudget111111111111111111111111111111",
        "signer": false,
        "source": "transaction",
        "writable": false
      },
      {
        "pubkey": "11111111111111111111111111111111",
        "signer": false,
        "source": "transaction",
        "writable": false
      },
      {
        "pubkey": "6EF8rrecthR5Dkzon8Nwu78hRvfCKubJ14M5uBEwF6P",
        "signer": false,
        "source": "transaction",
        "writable": false
      },
      {
        "pubkey": "TSLvdd1pWpHVjahSpsvCXUbgwsL3JAcvokwaKt1eokM",
        "signer": false,
        "source": "transaction",
        "writable": false
      },
      {
        "pubkey": "4wTV1YmiEkRvAtNtsSGPtUrqRYQMe5SKy2uB4Jjaxnjf",
        "signer": false,
        "source": "transaction",
        "writable": false
      },
      {
        "pubkey": "metaqbxxUerdq28cj1RbAWkYQm3ybzjb6a8bt518x1s",
        "signer": false,
        "source": "transaction",
        "writable": false
      },
      {
        "pubkey": "TokenkegQfeZyiNwAJbNbGKPFXCWuBvf9Ss623VQ5DA",
        "signer": false,
        "source": "transaction",
        "writable": false
      },
      {
        "pubkey": "ATokenGPvbdGVxr1b2hvZbsiqW5xWH25efTNsLJA8knL",
        "signer": false,
        "source": "transaction",
        "writable": false
      },
      {
        "pubkey": "SysvarRent111111111111111111111111111111111",
        "signer": false,
        "source": "transaction",
        "writable": false
      },
      {
        "pubkey": "Ce6TQqeHC9p8KetsN6JsjHK7UTZk7nasjjnr7XxXp9F1",
        "signer": false,
        "source": "transaction",
        "writable": false
      }
    ],
    "addressTableLookups": [],
    "instructions": [
      {
        "accounts": [],
        "data": "HnkkG7",
        "programId": "ComputeBudget111111111111111111111111111111",
        "stackHeight": null
      },
      {
        "parsed": {
          "info": {
            "destination": "HWEoBxYs7ssKuudEjzjmpfJVX7Dvi7wescFsVx2L5yoY",
            "lamports": 4000000,
            "source": "Fswrw3tgQL597kCexxLEhft6a7Su4CDoqwRMqqj4BEp5"
          },
          "type": "transfer"
        },
        "program": "system",
        "programId": "11111111111111111111111111111111",
        "stackHeight": null
      },
      {
        "accounts": [],
        "data": "3ZfX8LdfViHV",
        "programId": "ComputeBudget111111111111111111111111111111",
        "stackHeight": null
      },
      {
        "accounts": [
          "ER2N5eaDoC68kNhj7LyaScimzq7deaqxiw88rewvxaKp",
          "TSLvdd1pWpHVjahSpsvCXUbgwsL3JAcvokwaKt1eokM",
          "FFzxakVNzpirwMFtLyD22UZ6UM3KLF2EAGC2RxNPaYoH",
          "6eTEMemDi58KJE1rPEagqMsgn34xUWTkzdZTKM8EVbYF",
          "4wTV1YmiEkRvAtNtsSGPtUrqRYQMe5SKy2uB4Jjaxnjf",
          "metaqbxxUerdq28cj1RbAWkYQm3ybzjb6a8bt518x1s",
          "H6LkmMUuAiJhAcH9ejScvMVXFhUSzxwYPiczL7zW3aAj",
          "Fswrw3tgQL597kCexxLEhft6a7Su4CDoqwRMqqj4BEp5",
          "11111111111111111111111111111111",
          "TokenkegQfeZyiNwAJbNbGKPFXCWuBvf9Ss623VQ5DA",
          "ATokenGPvbdGVxr1b2hvZbsiqW5xWH25efTNsLJA8knL",
          "SysvarRent111111111111111111111111111111111",
          "Ce6TQqeHC9p8KetsN6JsjHK7UTZk7nasjjnr7XxXp9F1",
          "6EF8rrecthR5Dkzon8Nwu78hRvfCKubJ14M5uBEwF6P"
        ],
        "data": "U5L9Srg16xJSo5n5mGEnUQaep1FgNe24zh1oYXVbcVpSyAPk5QWVT8RNVbaJeebkjgPqHUHnWwPyPFmJ21HDBYXgTd8HTU7QfbiY7cn26rn4zxi724rGkbWKwnJHghce74jdF8dLeGwvYnU",
        "programId": "6EF8rrecthR5Dkzon8Nwu78hRvfCKubJ14M5uBEwF6P",
        "stackHeight": null
      },
      {
        "parsed": {
          "info": {
            "account": "BfUATFeQBKLdaTGdCT9bKkxXrYTYaRkcjtQ4iFwMGVq1",
            "mint": "ER2N5eaDoC68kNhj7LyaScimzq7deaqxiw88rewvxaKp",
            "source": "Fswrw3tgQL597kCexxLEhft6a7Su4CDoqwRMqqj4BEp5",
            "systemProgram": "11111111111111111111111111111111",
            "tokenProgram": "TokenkegQfeZyiNwAJbNbGKPFXCWuBvf9Ss623VQ5DA",
            "wallet": "Fswrw3tgQL597kCexxLEhft6a7Su4CDoqwRMqqj4BEp5"
          },
          "type": "create"
        },
        "program": "spl-associated-token-account",
        "programId": "ATokenGPvbdGVxr1b2hvZbsiqW5xWH25efTNsLJA8knL",
        "stackHeight": null
      },
      {
        "accounts": [
          "4wTV1YmiEkRvAtNtsSGPtUrqRYQMe5SKy2uB4Jjaxnjf",
          "CebN5WGQ4jvEPvsVU4EoHEpgzq1VV7AbicfhtW4xC9iM",
          "ER2N5eaDoC68kNhj7LyaScimzq7deaqxiw88rewvxaKp",
          "FFzxakVNzpirwMFtLyD22UZ6UM3KLF2EAGC2RxNPaYoH",
          "6eTEMemDi58KJE1rPEagqMsgn34xUWTkzdZTKM8EVbYF",
          "BfUATFeQBKLdaTGdCT9bKkxXrYTYaRkcjtQ4iFwMGVq1",
          "Fswrw3tgQL597kCexxLEhft6a7Su4CDoqwRMqqj4BEp5",
          "11111111111111111111111111111111",
          "TokenkegQfeZyiNwAJbNbGKPFXCWuBvf9Ss623VQ5DA",
          "SysvarRent111111111111111111111111111111111",
          "Ce6TQqeHC9p8KetsN6JsjHK7UTZk7nasjjnr7XxXp9F1",
          "6EF8rrecthR5Dkzon8Nwu78hRvfCKubJ14M5uBEwF6P"
        ],
        "data": "AJTQ2h9DXrBiKPvzMVAo11jUarcFAxcz3",
        "programId": "6EF8rrecthR5Dkzon8Nwu78hRvfCKubJ14M5uBEwF6P",
        "stackHeight": null
      }
    ],
    "recentBlockhash": "4LkonCgzoF4HF4ZmrczNCntkk5QJzoBfwEG67o99S6yR"
  },
  "signatures": [
    "52ar89rghM8EwKZkxFnBMC4LaMReqtVdpxqXxGWBCMYV1DnYdLrdsqJo8Hbn9KjVpckAokqGNHzTSVfK5xuLepdC",
    "SpE85aiJConP43xzaqrri6TRmEbKZdiSJoXeTixJPuMkYUSQZbyjxrb3NbatshfoggYacnyd1YWJf98iPV5YYqm"
  ]
}
Instruction for program: ComputeBudget111111111111111111111111111111
Data: HnkkG7

Parsed instruction: system - transfer
Info: {
  "destination": "HWEoBxYs7ssKuudEjzjmpfJVX7Dvi7wescFsVx2L5yoY",
  "lamports": 4000000,
  "source": "Fswrw3tgQL597kCexxLEhft6a7Su4CDoqwRMqqj4BEp5"
}
Instruction for program: ComputeBudget111111111111111111111111111111
Data: 3ZfX8LdfViHV

Instruction: create
Decoded data: {'name': 'excited', 'symbol': 'excited', 'uri': 'https://cf-ipfs.com/ipfs/QmcDiP9wAZ8QeijrNrtwLeMGk46vKAAe8yvfWtumBZbURq'}

Accounts:
  mint: ER2N5eaDoC68kNhj7LyaScimzq7deaqxiw88rewvxaKp
  mintAuthority: TSLvdd1pWpHVjahSpsvCXUbgwsL3JAcvokwaKt1eokM
  bondingCurve: FFzxakVNzpirwMFtLyD22UZ6UM3KLF2EAGC2RxNPaYoH
  associatedBondingCurve: 6eTEMemDi58KJE1rPEagqMsgn34xUWTkzdZTKM8EVbYF
  global: 4wTV1YmiEkRvAtNtsSGPtUrqRYQMe5SKy2uB4Jjaxnjf
  mplTokenMetadata: metaqbxxUerdq28cj1RbAWkYQm3ybzjb6a8bt518x1s
  metadata: H6LkmMUuAiJhAcH9ejScvMVXFhUSzxwYPiczL7zW3aAj
  user: Fswrw3tgQL597kCexxLEhft6a7Su4CDoqwRMqqj4BEp5
  systemProgram: 11111111111111111111111111111111
  tokenProgram: TokenkegQfeZyiNwAJbNbGKPFXCWuBvf9Ss623VQ5DA
  associatedTokenProgram: ATokenGPvbdGVxr1b2hvZbsiqW5xWH25efTNsLJA8knL
  rent: SysvarRent111111111111111111111111111111111
  eventAuthority: Ce6TQqeHC9p8KetsN6JsjHK7UTZk7nasjjnr7XxXp9F1
  program: 6EF8rrecthR5Dkzon8Nwu78hRvfCKubJ14M5uBEwF6P
Parsed instruction: spl-associated-token-account - create
Info: {
  "account": "BfUATFeQBKLdaTGdCT9bKkxXrYTYaRkcjtQ4iFwMGVq1",
  "mint": "ER2N5eaDoC68kNhj7LyaScimzq7deaqxiw88rewvxaKp",
  "source": "Fswrw3tgQL597kCexxLEhft6a7Su4CDoqwRMqqj4BEp5",
  "systemProgram": "11111111111111111111111111111111",
  "tokenProgram": "TokenkegQfeZyiNwAJbNbGKPFXCWuBvf9Ss623VQ5DA",
  "wallet": "Fswrw3tgQL597kCexxLEhft6a7Su4CDoqwRMqqj4BEp5"
}
Instruction: buy
Decoded data: {'amount': 37951768488745}

Accounts:
  global: 4wTV1YmiEkRvAtNtsSGPtUrqRYQMe5SKy2uB4Jjaxnjf
  feeRecipient: CebN5WGQ4jvEPvsVU4EoHEpgzq1VV7AbicfhtW4xC9iM
  mint: ER2N5eaDoC68kNhj7LyaScimzq7deaqxiw88rewvxaKp
  bondingCurve: FFzxakVNzpirwMFtLyD22UZ6UM3KLF2EAGC2RxNPaYoH
  associatedBondingCurve: 6eTEMemDi58KJE1rPEagqMsgn34xUWTkzdZTKM8EVbYF
  associatedUser: BfUATFeQBKLdaTGdCT9bKkxXrYTYaRkcjtQ4iFwMGVq1
  user: Fswrw3tgQL597kCexxLEhft6a7Su4CDoqwRMqqj4BEp5
  systemProgram: 11111111111111111111111111111111
  tokenProgram: TokenkegQfeZyiNwAJbNbGKPFXCWuBvf9Ss623VQ5DA
  rent: SysvarRent111111111111111111111111111111111
  eventAuthority: Ce6TQqeHC9p8KetsN6JsjHK7UTZk7nasjjnr7XxXp9F1
  program: 6EF8rrecthR5Dkzon8Nwu78hRvfCKubJ14M5uBEwF6P

Transaction Information:
Blockhash: 4LkonCgzoF4HF4ZmrczNCntkk5QJzoBfwEG67o99S6yR
Fee payer: Fswrw3tgQL597kCexxLEhft6a7Su4CDoqwRMqqj4BEp5
Signature: 52ar89rghM8EwKZkxFnBMC4LaMReqtVdpxqXxGWBCMYV1DnYdLrdsqJo8Hbn9KjVpckAokqGNHzTSVfK5xuLepdC
