{
  "message": {
    "accountKeys": [
      {
        "pubkey": "2vr538qDgHCPYmr2mjt5LSjQ3kBYjtw3SDSveUKBVkef",
        "signer": true,
        "source": "transaction",
        "writable": true
      },
      {
        "pubkey": "6fogeBTRjgm9Kb9dVtqpjDf6bGvjGgdScmTu5nCVPJPn",
        "signer": false,
        "source": "transaction",
        "writable": true
      },
      {
        "pubkey": "9nj8QEp6mQDsr2G6oGtq8DJakPuKLeUqnWMf4JzgcSCd",
        "signer": false,
        "source": "transaction",
        "writable": true
      },
      {
        "pubkey": "CebN5WGQ4jvEPvsVU4EoHEpgzq1VV7AbicfhtW4xC9iM",
        "signer": false,
        "source": "transaction",
        "writable": true
      },
      {
        "pubkey": "DxMF77MqYYYr4NshXWrUdiGzfzwpNhKG7H73B94ETX8S",
        "signer": false,
        "source": "transaction",
        "writable": true
      },
      {
        "pubkey": "JBfdxsh3DEXfpeTUrQe94hpKQ8yxBqVRqRiSRvemUA4i",
        "signer": false,
        "source": "transaction",
        "writable": true
      },
      {
        "pubkey": "11111111111111111111111111111111",
        "signer": false,
        "source": "transaction",
        "writable": false
      },
      {
        "pubkey": "6EF8rrecthR5Dkzon8Nwu78hRvfCKubJ14M5uBEwF6P",
        "signer": false,
        "source": "transaction",
        "writable": false
      },
      {
        "pubkey": "ComputeBudget111111111111111111111111111111",
        "signer": false,
        "source": "transaction",
        "writable": false
      },
      {
        "pubkey": "SysvarRent111111111111111111111111111111111",
        "signer": false,
        "source": "transaction",
        "writable": false
      },
      {
        "pubkey": "TokenkegQfeZyiNwAJbNbGKPFXCWuBvf9Ss623VQ5DA",
        "signer": false,
        "source": "transaction",
        "writable": false
      },
      {
        "pubkey": "4wTV1YmiEkRvAtNtsSGPtUrqRYQMe5SKy2uB4Jjaxnjf",
        "signer": false,
        "source": "transaction",
        "writable": false
      },
      {
        "pubkey": "ATokenGPvbdGVxr1b2hvZbsiqW5xWH25efTNsLJA8knL",
        "signer": false,
        "source": "transaction",
        "writable": false
      },
      {
        "pubkey": "Ce6TQqeHC9p8KetsN6JsjHK7UTZk7nasjjnr7XxXp9F1",
        "signer": false,
        "source": "transaction",
        "writable": false
      },
      {
        "pubkey": "HfJVjBdkhAD2ynVM8PdTSii4ECZdsxNTCx5wpEqUpump",
        "signer": false,
        "source": "transaction",
        "writable": false
      }
    ],
    "addressTableLookups": [],
    "instructions": [
      {
        "accounts": [],
        "data": "3JwEwun4YUPH",
        "programId": "ComputeBudget111111111111111111111111111111",
        "stackHeight": null
      },
      {
        "accounts": [],
        "data": "LEJDE7",
        "programId": "ComputeBudget111111111111111111111111111111",
        "stackHeight": null
      },
      {
        "accounts": [
          "4wTV1YmiEkRvAtNtsSGPtUrqRYQMe5SKy2uB4Jjaxnjf",
          "CebN5WGQ4jvEPvsVU4EoHEpgzq1VV7AbicfhtW4xC9iM",
          "HfJVjBdkhAD2ynVM8PdTSii4ECZdsxNTCx5wpEqUpump",
          "6fogeBTRjgm9Kb9dVtqpjDf6bGvjGgdScmTu5nCVPJPn",
          "9nj8QEp6mQDsr2G6oGtq8DJakPuKLeUqnWMf4JzgcSCd",
          "DxMF77MqYYYr4NshXWrUdiGzfzwpNhKG7H73B94ETX8S",
          "2vr538qDgHCPYmr2mjt5LSjQ3kBYjtw3SDSveUKBVkef",
          "11111111111111111111111111111111",
          "TokenkegQfeZyiNwAJbNbGKPFXCWuBvf9Ss623VQ5DA",
          "SysvarRent111111111111111111111111111111111",
          "Ce6TQqeHC9p8KetsN6JsjHK7UTZk7nasjjnr7XxXp9F1",
          "6EF8rrecthR5Dkzon8Nwu78hRvfCKubJ14M5uBEwF6P"
        ],
        "data": "AJTQ2h9DXrBqzdpEhcLVYocNoqujioBxb",
        "programId": "6EF8rrecthR5Dkzon8Nwu78hRvfCKubJ14M5uBEwF6P",
        "stackHeight": null
      },
      {
        "accounts": [
          "4wTV1YmiEkRvAtNtsSGPtUrqRYQMe5SKy2uB4Jjaxnjf",
          "CebN5WGQ4jvEPvsVU4EoHEpgzq1VV7AbicfhtW4xC9iM",
          "HfJVjBdkhAD2ynVM8PdTSii4ECZdsxNTCx5wpEqUpump",
          "6fogeBTRjgm9Kb9dVtqpjDf6bGvjGgdScmTu5nCVPJPn",
          "9nj8QEp6mQDsr2G6oGtq8DJakPuKLeUqnWMf4JzgcSCd",
          "DxMF77MqYYYr4NshXWrUdiGzfzwpNhKG7H73B94ETX8S",
          "2vr538qDgHCPYmr2mjt5LSjQ3kBYjtw3SDSveUKBVkef",
          "11111111111111111111111111111111",
          "ATokenGPvbdGVxr1b2hvZbsiqW5xWH25efTNsLJA8knL",
          "TokenkegQfeZyiNwAJbNbGKPFXCWuBvf9Ss623VQ5DA",
          "Ce6TQqeHC9p8KetsN6JsjHK7UTZk7nasjjnr7XxXp9F1",
          "6EF8rrecthR5Dkzon8Nwu78hRvfCKubJ14M5uBEwF6P"
        ],
        "data": "5jRcjdixRUDSvSh4QXANSHU9rk2He2WMm",
        "programId": "6EF8rrecthR5Dkzon8Nwu78hRvfCKubJ14M5uBEwF6P",
        "stackHeight": null
      },
      {
        "parsed": {
          "info": {
            "destination": "JBfdxsh3DEXfpeTUrQe94hpKQ8yxBqVRqRiSRvemUA4i",
            "lamports": 962563,
            "source": "2vr538qDgHCPYmr2mjt5LSjQ3kBYjtw3SDSveUKBVkef"
          },
          "type": "transfer"
        },
        "program": "system",
        "programId": "11111111111111111111111111111111",
        "stackHeight": null
      }
    ],
    "recentBlockhash": "cqZ8vtKbuAVtwCRHrATJn7X3kohsJH2Qn9zdhEr8sE5"
  },
  "signatures": [
    "33LHUzKfhBvU68kYib22oFx2XdQKQZ2sfvTmmdCFEr6YidyP8S3WwAurjz6Suewvr2WUByV79K3stNCZDe7wq3De"
  ]
}
Instruction for program: ComputeBudget111111111111111111111111111111
Data: 3JwEwun4YUPH

Instruction for program: ComputeBudget111111111111111111111111111111
Data: LEJDE7

Instruction: buy
Decoded data: {'amount': 605426095720}

Accounts:
  global: 4wTV1YmiEkRvAtNtsSGPtUrqRYQMe5SKy2uB4Jjaxnjf
  feeRecipient: CebN5WGQ4jvEPvsVU4EoHEpgzq1VV7AbicfhtW4xC9iM
  mint: HfJVjBdkhAD2ynVM8PdTSii4ECZdsxNTCx5wpEqUpump
  bondingCurve: 6fogeBTRjgm9Kb9dVtqpjDf6bGvjGgdScmTu5nCVPJPn
  associatedBondingCurve: 9nj8QEp6mQDsr2G6oGtq8DJakPuKLeUqnWMf4JzgcSCd
  associatedUser: DxMF77MqYYYr4NshXWrUdiGzfzwpNhKG7H73B94ETX8S
  user: 2vr538qDgHCPYmr2mjt5LSjQ3kBYjtw3SDSveUKBVkef
  systemProgram: 11111111111111111111111111111111
  tokenProgram: TokenkegQfeZyiNwAJbNbGKPFXCWuBvf9Ss623VQ5DA
  rent: SysvarRent111111111111111111111111111111111
  eventAuthority: Ce6TQqeHC9p8KetsN6JsjHK7UTZk7nasjjnr7XxXp9F1
  program: 6EF8rrecthR5Dkzon8Nwu78hRvfCKubJ14M5uBEwF6P
Instruction: buy
Decoded data: {'amount': 605426095720}

Accounts:
  global: 4wTV1YmiEkRvAtNtsSGPtUrqRYQMe5SKy2uB4Jjaxnjf
  feeRecipient: CebN5WGQ4jvEPvsVU4EoHEpgzq1VV7AbicfhtW4xC9iM
  mint: HfJVjBdkhAD2ynVM8PdTSii4ECZdsxNTCx5wpEqUpump
  bondingCurve: 6fogeBTRjgm9Kb9dVtqpjDf6bGvjGgdScmTu5nCVPJPn
  associatedBondingCurve: 9nj8QEp6mQDsr2G6oGtq8DJakPuKLeUqnWMf4JzgcSCd
  associatedUser: DxMF77MqYYYr4NshXWrUdiGzfzwpNhKG7H73B94ETX8S
  user: 2vr538qDgHCPYmr2mjt5LSjQ3kBYjtw3SDSveUKBVkef
  systemProgram: 11111111111111111111111111111111
  tokenProgram: ATokenGPvbdGVxr1b2hvZbsiqW5xWH25efTNsLJA8knL
  rent: TokenkegQfeZyiNwAJbNbGKPFXCWuBvf9Ss623VQ5DA
  eventAuthority: Ce6TQqeHC9p8KetsN6JsjHK7UTZk7nasjjnr7XxXp9F1
  program: 6EF8rrecthR5Dkzon8Nwu78hRvfCKubJ14M5uBEwF6P
Parsed instruction: system - transfer
Info: {
  "destination": "JBfdxsh3DEXfpeTUrQe94hpKQ8yxBqVRqRiSRvemUA4i",
  "lamports": 962563,
  "source": "2vr538qDgHCPYmr2mjt5LSjQ3kBYjtw3SDSveUKBVkef"
}

Transaction Information:
Blockhash: cqZ8vtKbuAVtwCRHrATJn7X3kohsJH2Qn9zdhEr8sE5
Fee payer: 2vr538qDgHCPYmr2mjt5LSjQ3kBYjtw3SDSveUKBVkef
Signature: 33LHUzKfhBvU68kYib22oFx2XdQKQZ2sfvTmmdCFEr6YidyP8S3WwAurjz6Suewvr2WUByV79K3stNCZDe7wq3De
