{
  "jsonrpc": "2.0",
  "result": {
    "blockTime": 1724126293,
    "meta": {
      "computeUnitsConsumed": 68322,
      "err": null,
      "fee": 32000,
      "innerInstructions": [
        {
          "index": 2,
          "instructions": [
            {
              "parsed": {
                "info": {
                  "amount": "605426095720",
                  "authority": "6fogeBTRjgm9Kb9dVtqpjDf6bGvjGgdScmTu5nCVPJPn",
                  "destination": "DxMF77MqYYYr4NshXWrUdiGzfzwpNhKG7H73B94ETX8S",
                  "source": "9nj8QEp6mQDsr2G6oGtq8DJakPuKLeUqnWMf4JzgcSCd"
                },
                "type": "transfer"
              },
              "program": "spl-token",
              "programId": "TokenkegQfeZyiNwAJbNbGKPFXCWuBvf9Ss623VQ5DA",
              "stackHeight": 2
            },
            {
              "parsed": {
                "info": {
                  "destination": "6fogeBTRjgm9Kb9dVtqpjDf6bGvjGgdScmTu5nCVPJPn",
                  "lamports": 24080282,
                  "source": "2vr538qDgHCPYmr2mjt5LSjQ3kBYjtw3SDSveUKBVkef"
                },
                "type": "transfer"
              },
              "program": "system",
              "programId": "11111111111111111111111111111111",
              "stackHeight": 2
            },
            {
              "parsed": {
                "info": {
                  "destination": "CebN5WGQ4jvEPvsVU4EoHEpgzq1VV7AbicfhtW4xC9iM",
                  "lamports": 240802,
                  "source": "2vr538qDgHCPYmr2mjt5LSjQ3kBYjtw3SDSveUKBVkef"
                },
                "type": "transfer"
              },
              "program": "system",
              "programId": "11111111111111111111111111111111",
              "stackHeight": 2
            },
            {
              "accounts": [
                "Ce6TQqeHC9p8KetsN6JsjHK7UTZk7nasjjnr7XxXp9F1"
              ],
              "data": "2K7nL28PxCW8ejnyCeuMpbYBaHNNxSWmhNFbMDYBXdWw7nSYrc7woNd4ENfAZMMQjP9TLFxfRvA69i3wPHorNMpqcfCFFFFeAmfcVqdtaPqq3JE1erMrE8gHpGJ8NXA1633JV4iabs9saqZ8Pa7xQrjkoYX8pgbAjh3CnePG1Lq18E9fsPv89nKqmgvb",
              "programId": "6EF8rrecthR5Dkzon8Nwu78hRvfCKubJ14M5uBEwF6P",
              "stackHeight": 2
            }
          ]
        },
        {
          "index": 3,
          "instructions": [
            {
              "parsed": {
                "info": {
                  "amount": "605426095720",
                  "authority": "2vr538qDgHCPYmr2mjt5LSjQ3kBYjtw3SDSveUKBVkef",
                  "destination": "9nj8QEp6mQDsr2G6oGtq8DJakPuKLeUqnWMf4JzgcSCd",
                  "source": "DxMF77MqYYYr4NshXWrUdiGzfzwpNhKG7H73B94ETX8S"
                },
                "type": "transfer"
              },
              "program": "spl-token",
              "programId": "TokenkegQfeZyiNwAJbNbGKPFXCWuBvf9Ss623VQ5DA",
              "stackHeight": 2
            },
            {
              "accounts": [
                "Ce6TQqeHC9p8KetsN6JsjHK7UTZk7nasjjnr7XxXp9F1"
              ],
              "data": "2K7nL28PxCW8ejnyCeuMpbYBaHNNxSWmhNFbMDYBXdWw7nSYrc7woNd4ENfAZMMQjP9RGosGgCYezUhV4mEBVCtoTrbAXXkFVvp72dtBLa7fuvzRsmCgMkydN6Ez8H17gRiXkmmNHUCXcUmfhMG2cGeaukQWu1YD7mkmTzg7QGUF69ArSTS3RHHM6zXh",
              "programId": "6EF8rrecthR5Dkzon8Nwu78hRvfCKubJ14M5uBEwF6P",
              "stackHeight": 2
            }
          ]
        }
      ],
      "logMessages": [
        "Program ComputeBudget111111111111111111111111111111 invoke [1]",
        "Program ComputeBudget111111111111111111111111111111 success",
        "Program ComputeBudget111111111111111111111111111111 invoke [1]",
        "Program ComputeBudget111111111111111111111111111111 success",
        "Program 6EF8rrecthR5Dkzon8Nwu78hRvfCKubJ14M5uBEwF6P invoke [1]",
        "Program log: Instruction: Buy",
        "Program TokenkegQfeZyiNwAJbNbGKPFXCWuBvf9Ss623VQ5DA invoke [2]",
        "Program log: Instruction: Transfer",
        "Program TokenkegQfeZyiNwAJbNbGKPFXCWuBvf9Ss623VQ5DA consumed 4645 of 129562 compute units",
        "Program TokenkegQfeZyiNwAJbNbGKPFXCWuBvf9Ss623VQ5DA success",
        "Program 11111111111111111111111111111111 invoke [2]",
        "Program 11111111111111111111111111111111 success",
        "Program 11111111111111111111111111111111 invoke [2]",
        "Program 11111111111111111111111111111111 success",
        "Program 6EF8rrecthR5Dkzon8Nwu78hRvfCKubJ14M5uBEwF6P invoke [2]",
        "Program 6EF8rrecthR5Dkzon8Nwu78hRvfCKubJ14M5uBEwF6P consumed 2003 of 117474 compute units",
        "Program 6EF8rrecthR5Dkzon8Nwu78hRvfCKubJ14M5uBEwF6P success",
        "Program data: vdt/007mYe73itfzw580Z6SEg9q3HfHO2n0qXIpNVTcl7oo9jo+CP5pvbwEAAAAAaBY19owAAAABHKbz9pJ3+YMsz+xMr0BHBMU3VB0RDjRv3ae0eInXRhRVFMRmAAAAAFjTeFUIAAAAbRsnNO0xAwBYJ1VZAQAAAG2DFOhbMwIA",
        "Program 6EF8rrecthR5Dkzon8Nwu78hRvfCKubJ14M5uBEwF6P consumed 35954 of 149700 compute units",
        "Program 6EF8rrecthR5Dkzon8Nwu78hRvfCKubJ14M5uBEwF6P success",
        "Program 6EF8rrecthR5Dkzon8Nwu78hRvfCKubJ14M5uBEwF6P invoke [1]",
        "Program log: Instruction: Sell",
        "Program TokenkegQfeZyiNwAJbNbGKPFXCWuBvf9Ss623VQ5DA invoke [2]",
        "Program log: Instruction: Transfer",
        "Program TokenkegQfeZyiNwAJbNbGKPFXCWuBvf9Ss623VQ5DA consumed 4645 of 93687 compute units",
        "Program TokenkegQfeZyiNwAJbNbGKPFXCWuBvf9Ss623VQ5DA success",
        "Program 6EF8rrecthR5Dkzon8Nwu78hRvfCKubJ14M5uBEwF6P invoke [2]",
        "Program 6EF8rrecthR5Dkzon8Nwu78hRvfCKubJ14M5uBEwF6P consumed 2003 of 85557 compute units",
        "Program 6EF8rrecthR5Dkzon8Nwu78hRvfCKubJ14M5uBEwF6P success",
        "Program data: vdt/007mYe73itfzw580Z6SEg9q3HfHO2n0qXIpNVTcl7oo9jo+CP5lvbwEAAAAAaBY19owAAAAAHKbz9pJ3+YMsz+xMr0BHBMU3VB0RDjRv3ae0eInXRhRVFMRmAAAAAL9jCVQIAAAA1TFcKnoyAwC/t+VXAQAAANWZSd7oMwIA",
        "Program 6EF8rrecthR5Dkzon8Nwu78hRvfCKubJ14M5uBEwF6P consumed 31918 of 113746 compute units",
        "Program 6EF8rrecthR5Dkzon8Nwu78hRvfCKubJ14M5uBEwF6P success",
        "Program 11111111111111111111111111111111 invoke [1]",
        "Program 11111111111111111111111111111111 success"
      ],
      "postBalances": [
        706655008,
        5770871791,
        2039280,
        279629252504426,
        2039280,
        97135324113,
        1,
        1141440,
        1,
        1009200,
        934087680,
        2500000,
        731913600,
        0,
        1461600
      ],
      "postTokenBalances": [
        {
          "accountIndex": 2,
          "mint": "HfJVjBdkhAD2ynVM8PdTSii4ECZdsxNTCx5wpEqUpump",
          "owner": "6fogeBTRjgm9Kb9dVtqpjDf6bGvjGgdScmTu5nCVPJPn",
          "programId": "TokenkegQfeZyiNwAJbNbGKPFXCWuBvf9Ss623VQ5DA",
          "uiTokenAmount": {
            "amount": "826925208216021",
            "decimals": 6,
            "uiAmount": 826925208.216021,
            "uiAmountString": "826925208.216021"
          }
        },
        {
          "accountIndex": 4,
          "mint": "HfJVjBdkhAD2ynVM8PdTSii4ECZdsxNTCx5wpEqUpump",
          "owner": "2vr538qDgHCPYmr2mjt5LSjQ3kBYjtw3SDSveUKBVkef",
          "programId": "TokenkegQfeZyiNwAJbNbGKPFXCWuBvf9Ss623VQ5DA",
          "uiTokenAmount": {
            "amount": "0",
            "decimals": 6,
            "uiAmount": null,
            "uiAmountString": "0"
          }
        }
      ],
      "preBalances": [
        708131176,
        5770871790,
        2039280,
        279629252022822,
        2039280,
        97134361550,
        1,
        1141440,
        1,
        1009200,
        934087680,
        2500000,
        731913600,
        0,
        1461600
      ],
      "preTokenBalances": [
        {
          "accountIndex": 2,
          "mint": "HfJVjBdkhAD2ynVM8PdTSii4ECZdsxNTCx5wpEqUpump",
          "owner": "6fogeBTRjgm9Kb9dVtqpjDf6bGvjGgdScmTu5nCVPJPn",
          "programId": "TokenkegQfeZyiNwAJbNbGKPFXCWuBvf9Ss623VQ5DA",
          "uiTokenAmount": {
            "amount": "826925208216021",
            "decimals": 6,
            "uiAmount": 826925208.216021,
            "uiAmountString": "826925208.216021"
          }
        },
        {
          "accountIndex": 4,
          "mint": "HfJVjBdkhAD2ynVM8PdTSii4ECZdsxNTCx5wpEqUpump",
          "owner": "2vr538qDgHCPYmr2mjt5LSjQ3kBYjtw3SDSveUKBVkef",
          "programId": "TokenkegQfeZyiNwAJbNbGKPFXCWuBvf9Ss623VQ5DA",
          "uiTokenAmount": {
            "amount": "0",
            "decimals": 6,
            "uiAmount": null,
            "uiAmountString": "0"
          }
        }
      ],
      "rewards": [],
      "status": {
        "Ok": null
      }
    },
    "slot": 284677332,
    "transaction": {
      "message": {
        "accountKeys": [
          {
            "pubkey": "2vr538qDgHCPYmr2mjt5LSjQ3kBYjtw3SDSveUKBVkef",
            "signer": true,
            "source": "transaction",
            "writable": true
          },
          {
            "pubkey": "6fogeBTRjgm9Kb9dVtqpjDf6bGvjGgdScmTu5nCVPJPn",
            "signer": false,
            "source": "transaction",
            "writable": true
          },
          {
            "pubkey": "9nj8QEp6mQDsr2G6oGtq8DJakPuKLeUqnWMf4JzgcSCd",
            "signer": false,
            "source": "transaction",
            "writable": true
          },
          {
            "pubkey": "CebN5WGQ4jvEPvsVU4EoHEpgzq1VV7AbicfhtW4xC9iM",
            "signer": false,
            "source": "transaction",
            "writable": true
          },
          {
            "pubkey": "DxMF77MqYYYr4NshXWrUdiGzfzwpNhKG7H73B94ETX8S",
            "signer": false,
            "source": "transaction",
            "writable": true
          },
          {
            "pubkey": "JBfdxsh3DEXfpeTUrQe94hpKQ8yxBqVRqRiSRvemUA4i",
            "signer": false,
            "source": "transaction",
            "writable": true
          },
          {
            "pubkey": "11111111111111111111111111111111",
            "signer": false,
            "source": "transaction",
            "writable": false
          },
          {
            "pubkey": "6EF8rrecthR5Dkzon8Nwu78hRvfCKubJ14M5uBEwF6P",
            "signer": false,
            "source": "transaction",
            "writable": false
          },
          {
            "pubkey": "ComputeBudget111111111111111111111111111111",
            "signer": false,
            "source": "transaction",
            "writable": false
          },
          {
            "pubkey": "SysvarRent111111111111111111111111111111111",
            "signer": false,
            "source": "transaction",
            "writable": false
          },
          {
            "pubkey": "TokenkegQfeZyiNwAJbNbGKPFXCWuBvf9Ss623VQ5DA",
            "signer": false,
            "source": "transaction",
            "writable": false
          },
          {
            "pubkey": "4wTV1YmiEkRvAtNtsSGPtUrqRYQMe5SKy2uB4Jjaxnjf",
            "signer": false,
            "source": "transaction",
            "writable": false
          },
          {
            "pubkey": "ATokenGPvbdGVxr1b2hvZbsiqW5xWH25efTNsLJA8knL",
            "signer": false,
            "source": "transaction",
            "writable": false
          },
          {
            "pubkey": "Ce6TQqeHC9p8KetsN6JsjHK7UTZk7nasjjnr7XxXp9F1",
            "signer": false,
            "source": "transaction",
            "writable": false
          },
          {
            "pubkey": "HfJVjBdkhAD2ynVM8PdTSii4ECZdsxNTCx5wpEqUpump",
            "signer": false,
            "source": "transaction",
            "writable": false
          }
        ],
        "addressTableLookups": [],
        "instructions": [
          {
            "accounts": [],
            "data": "3JwEwun4YUPH",
            "programId": "ComputeBudget111111111111111111111111111111",
            "stackHeight": null
          },
          {
            "accounts": [],
            "data": "LEJDE7",
            "programId": "ComputeBudget111111111111111111111111111111",
            "stackHeight": null
          },
          {
            "accounts": [
              "4wTV1YmiEkRvAtNtsSGPtUrqRYQMe5SKy2uB4Jjaxnjf",
              "CebN5WGQ4jvEPvsVU4EoHEpgzq1VV7AbicfhtW4xC9iM",
              "HfJVjBdkhAD2ynVM8PdTSii4ECZdsxNTCx5wpEqUpump",
              "6fogeBTRjgm9Kb9dVtqpjDf6bGvjGgdScmTu5nCVPJPn",
              "9nj8QEp6mQDsr2G6oGtq8DJakPuKLeUqnWMf4JzgcSCd",
              "DxMF77MqYYYr4NshXWrUdiGzfzwpNhKG7H73B94ETX8S",
              "2vr538qDgHCPYmr2mjt5LSjQ3kBYjtw3SDSveUKBVkef",
              "11111111111111111111111111111111",
              "TokenkegQfeZyiNwAJbNbGKPFXCWuBvf9Ss623VQ5DA",
              "SysvarRent111111111111111111111111111111111",
              "Ce6TQqeHC9p8KetsN6JsjHK7UTZk7nasjjnr7XxXp9F1",
              "6EF8rrecthR5Dkzon8Nwu78hRvfCKubJ14M5uBEwF6P"
            ],
            "data": "AJTQ2h9DXrBqzdpEhcLVYocNoqujioBxb",
            "programId": "6EF8rrecthR5Dkzon8Nwu78hRvfCKubJ14M5uBEwF6P",
            "stackHeight": null
          },
          {
            "accounts": [
              "4wTV1YmiEkRvAtNtsSGPtUrqRYQMe5SKy2uB4Jjaxnjf",
              "CebN5WGQ4jvEPvsVU4EoHEpgzq1VV7AbicfhtW4xC9iM",
              "HfJVjBdkhAD2ynVM8PdTSii4ECZdsxNTCx5wpEqUpump",
              "6fogeBTRjgm9Kb9dVtqpjDf6bGvjGgdScmTu5nCVPJPn",
              "9nj8QEp6mQDsr2G6oGtq8DJakPuKLeUqnWMf4JzgcSCd",
              "DxMF77MqYYYr4NshXWrUdiGzfzwpNhKG7H73B94ETX8S",
              "2vr538qDgHCPYmr2mjt5LSjQ3kBYjtw3SDSveUKBVkef",
              "11111111111111111111111111111111",
              "ATokenGPvbdGVxr1b2hvZbsiqW5xWH25efTNsLJA8knL",
              "TokenkegQfeZyiNwAJbNbGKPFXCWuBvf9Ss623VQ5DA",
              "Ce6TQqeHC9p8KetsN6JsjHK7UTZk7nasjjnr7XxXp9F1",
              "6EF8rrecthR5Dkzon8Nwu78hRvfCKubJ14M5uBEwF6P"
            ],
            "data": "5jRcjdixRUDSvSh4QXANSHU9rk2He2WMm",
            "programId": "6EF8rrecthR5Dkzon8Nwu78hRvfCKubJ14M5uBEwF6P",
            "stackHeight": null
          },
          {
            "parsed": {
              "info": {
                "destination": "JBfdxsh3DEXfpeTUrQe94hpKQ8yxBqVRqRiSRvemUA4i",
                "lamports": 962563,
                "source": "2vr538qDgHCPYmr2mjt5LSjQ3kBYjtw3SDSveUKBVkef"
              },
              "type": "transfer"
            },
            "program": "system",
            "programId": "11111111111111111111111111111111",
            "stackHeight": null
          }
        ],
        "recentBlockhash": "cqZ8vtKbuAVtwCRHrATJn7X3kohsJH2Qn9zdhEr8sE5"
      },
      "signatures": [
        "33LHUzKfhBvU68kYib22oFx2XdQKQZ2sfvTmmdCFEr6YidyP8S3WwAurjz6Suewvr2WUByV79K3stNCZDe7wq3De"
      ]
    },
    "version": 0
  },
  "id": 1
}
